{"cameraMode":{"drawMode":0,"name":"Shaded","section":"Shading Mode"},"sceneLighting":false,"audioPlay":false,"sceneViewState":{"m_AlwaysRefresh":false,"showFog":true,"showSkybox":true,"showFlares":true,"showImageEffects":true,"showParticleSystems":true,"showVisualEffectGraphs":true,"m_FxEnabled":true},"in2DMode":false,"pivot":{"x":-0.36515557765960696,"y":14.410035133361817,"z":11.262974739074707},"rotation":{"x":0.029667751863598825,"y":0.03507441654801369,"z":0.0010418025776743889,"w":-0.9989441633224487},"size":29.23280906677246,"orthographic":false}